<?xml version="1.0" encoding="utf-8"?>
<Defs>
	<KCSG.StructureLayoutDef>
  	<defName>VOEE_Structure_Ranch</defName>
  	<layouts>
    	<li>
      	<li>.,.,.,.,.,.,.,.,.,.,.,.,.,.,.,.,.,.,.,.,.,.,.</li>
      	<li>.,.,.,.,.,.,.,.,.,.,.,.,.,.,.,.,.,.,.,.,.,.,.</li>
      	<li>.,.,.,.,.,.,.,.,.,.,.,.,.,.,.,.,.,.,.,.,.,.,.</li>
      	<li>.,.,.,.,.,.,.,.,.,.,.,.,.,.,.,.,.,.,.,.,.,.,.</li>
      	<li>.,.,.,.,.,.,.,.,.,.,.,.,.,.,.,.,.,.,.,.,.,.,.</li>
      	<li>.,.,.,.,.,.,.,.,.,.,.,.,.,.,.,.,.,.,.,.,.,.,.</li>
      	<li>.,.,.,.,.,.,.,.,.,.,.,.,.,.,.,.,.,.,.,.,.,.,.</li>
      	<li>.,.,.,.,.,.,.,.,.,.,.,.,.,.,.,.,.,.,.,.,.,.,.</li>
      	<li>.,.,.,.,.,.,.,.,.,.,.,.,.,.,.,.,.,.,.,.,.,.,.</li>
      	<li>.,.,.,.,.,.,.,.,.,.,.,.,.,.,.,.,.,.,.,.,.,.,.</li>
      	<li>.,.,.,.,.,.,.,.,.,.,.,.,.,.,.,.,.,.,.,.,.,.,.</li>
      	<li>.,.,.,.,.,.,.,.,.,.,.,.,.,.,.,.,.,.,.,.,.,.,.</li>
      	<li>.,.,.,.,.,.,.,.,.,.,.,.,.,.,.,.,.,.,.,.,.,.,.</li>
      	<li>.,.,.,.,.,.,.,.,.,.,Hay,.,.,.,.,.,.,Hay,.,.,.,.,.</li>
      	<li>.,.,.,.,.,.,.,.,.,Hay,Hay,.,.,.,.,.,.,.,.,Hay,.,.,.</li>
      	<li>.,.,.,.,.,.,.,.,.,.,Hay,.,.,.,.,.,.,.,.,.,.,.,.</li>
      	<li>.,.,.,.,.,.,.,.,.,.,.,.,.,.,.,.,.,.,.,.,.,.,.</li>
      	<li>.,.,.,.,.,.,.,.,.,.,.,.,.,.,.,.,.,.,Hay,Hay,.,.,.</li>
      	<li>.,.,.,.,.,.,.,.,.,.,.,.,.,.,.,.,.,.,.,.,.,.,.</li>
      	<li>.,.,.,.,.,.,.,Hay,Hay,.,.,.,.,.,.,.,.,.,.,.,.,.,.</li>
      	<li>.,.,.,.,.,.,.,.,.,.,.,.,.,.,.,.,.,Hay,Hay,.,.,.,.</li>
      	<li>.,.,.,.,.,.,.,Hay,Hay,.,.,.,.,.,.,.,.,Hay,Hay,.,Hay,.,.</li>
      	<li>.,.,.,.,.,.,.,.,.,.,.,.,.,.,.,.,.,.,.,Hay,.,.,.</li>
      	<li>.,.,.,.,.,.,.,.,.,.,.,.,.,.,.,.,.,.,Hay,Hay,.,.,.</li>
      	<li>.,.,.,.,.,.,.,.,Hay,Hay,Hay,.,.,.,.,.,.,.,.,.,.,.,.</li>
      	<li>.,.,.,.,.,.,.,.,.,Hay,.,.,.,.,.,.,.,.,.,.,.,.,.</li>
      	<li>.,.,.,.,.,.,.,.,.,.,.,.,.,.,.,.,.,.,.,.,.,.,.</li>
      	<li>.,.,.,.,.,.,.,.,.,.,.,.,.,.,.,.,.,.,.,.,.,.,.</li>
      	<li>.,.,.,.,.,.,.,.,.,.,.,.,.,.,.,.,.,.,.,.,.,.,.</li>
      	<li>.,.,.,.,.,.,.,.,.,.,.,.,.,.,.,.,.,.,.,.,.,.,.</li>
      	<li>.,.,.,.,.,.,.,.,.,.,.,.,.,.,.,.,.,.,.,.,.,.,.</li>
      	<li>.,.,.,.,.,.,.,.,.,.,.,.,.,.,.,.,.,.,.,.,.,.,.</li>
      	<li>.,.,.,.,.,.,.,.,.,.,.,.,.,.,.,.,.,.,.,.,.,.,.</li>
      	<li>.,.,.,.,.,.,.,.,.,.,.,.,.,.,.,.,.,.,.,.,.,.,.</li>
      	<li>.,.,.,.,.,.,.,.,.,.,.,.,.,.,.,.,.,.,.,.,.,.,.</li>
      	<li>.,.,.,.,.,.,.,.,.,.,.,.,.,.,.,.,.,.,.,.,.,.,.</li>
      	<li>.,.,.,.,.,.,.,.,.,.,.,.,.,.,.,.,.,.,.,.,.,.,.</li>
      	<li>.,.,.,.,.,.,.,.,.,.,.,.,.,.,.,.,.,.,.,.,.,.,.</li>
      	<li>.,.,.,.,.,.,.,.,.,.,.,.,.,.,.,.,.,.,.,.,.,.,.</li>
      	<li>.,.,.,.,.,.,.,.,.,.,.,.,.,.,.,.,.,.,.,.,.,.,.</li>
      	<li>.,.,.,.,.,.,.,.,.,.,.,.,.,.,.,.,.,.,.,.,.,.,.</li>
      	<li>.,.,.,.,.,.,.,.,.,.,.,.,.,.,.,.,.,.,.,.,.,.,.</li>
      	<li>.,.,.,.,.,.,.,.,.,.,.,.,.,.,.,.,.,.,.,.,.,.,.</li>
      	<li>.,.,.,.,.,.,.,.,.,.,.,.,.,.,.,.,.,.,.,.,.,.,.</li>
    	</li>
    	<li>
      	<li>.,.,.,.,.,.,.,.,.,.,.,.,.,.,.,.,.,.,.,.,.,.,.</li>
      	<li>.,.,.,.,.,.,.,.,.,.,.,.,.,.,.,.,.,.,.,.,.,.,.</li>
      	<li>.,.,.,.,.,.,.,.,.,.,.,.,.,.,.,.,.,.,.,.,.,.,.</li>
      	<li>.,.,.,.,.,.,.,.,.,.,.,.,.,.,.,.,.,.,.,.,.,.,.</li>
      	<li>.,.,.,.,.,.,.,.,.,.,.,.,.,.,.,.,.,.,.,.,.,.,.</li>
      	<li>.,.,.,.,.,.,.,.,.,.,.,.,.,.,.,.,.,.,.,.,.,.,.</li>
      	<li>.,.,.,.,.,.,.,.,.,.,.,.,.,.,.,.,.,.,.,.,.,.,.</li>
      	<li>.,.,.,.,.,.,.,.,.,.,.,.,.,.,.,.,.,.,.,.,.,.,.</li>
      	<li>.,.,.,.,.,.,.,.,.,.,.,.,.,.,.,.,.,.,.,.,.,.,.</li>
      	<li>.,.,.,.,.,.,.,.,.,.,.,.,.,.,.,.,.,.,.,.,.,.,.</li>
      	<li>.,.,.,.,.,.,.,.,.,.,.,.,.,.,.,.,.,.,.,.,.,.,.</li>
      	<li>.,.,.,.,.,.,.,.,StrawMatting,StrawMatting,StrawMatting,StrawMatting,StrawMatting,StrawMatting,StrawMatting,StrawMatting,StrawMatting,StrawMatting,StrawMatting,StrawMatting,StrawMatting,StrawMatting,.</li>
      	<li>.,.,.,.,.,.,.,.,StrawMatting,StrawMatting,StrawMatting,StrawMatting,StrawMatting,StrawMatting,StrawMatting,StrawMatting,StrawMatting,StrawMatting,StrawMatting,StrawMatting,StrawMatting,StrawMatting,.</li>
      	<li>.,.,.,.,.,.,.,StrawMatting,StrawMatting,StrawMatting,StrawMatting,StrawMatting,StrawMatting,StrawMatting,StrawMatting,StrawMatting,StrawMatting,StrawMatting,StrawMatting,StrawMatting,StrawMatting,StrawMatting,.</li>
      	<li>.,WoodPlankFloor,WoodPlankFloor,WoodPlankFloor,WoodPlankFloor,WoodPlankFloor,WoodPlankFloor,StrawMatting,StrawMatting,StrawMatting,StrawMatting,StrawMatting,StrawMatting,StrawMatting,StrawMatting,StrawMatting,StrawMatting,StrawMatting,StrawMatting,StrawMatting,StrawMatting,StrawMatting,.</li>
      	<li>.,WoodPlankFloor,WoodPlankFloor,WoodPlankFloor,WoodPlankFloor,WoodPlankFloor,WoodPlankFloor,StrawMatting,StrawMatting,StrawMatting,StrawMatting,StrawMatting,StrawMatting,StrawMatting,StrawMatting,StrawMatting,StrawMatting,StrawMatting,StrawMatting,StrawMatting,StrawMatting,StrawMatting,.</li>
      	<li>.,WoodPlankFloor,WoodPlankFloor,WoodPlankFloor,WoodPlankFloor,WoodPlankFloor,WoodPlankFloor,StrawMatting,StrawMatting,StrawMatting,StrawMatting,StrawMatting,StrawMatting,StrawMatting,StrawMatting,StrawMatting,StrawMatting,StrawMatting,StrawMatting,StrawMatting,StrawMatting,StrawMatting,.</li>
      	<li>.,WoodPlankFloor,WoodPlankFloor,WoodPlankFloor,WoodPlankFloor,WoodPlankFloor,WoodPlankFloor,StrawMatting,StrawMatting,StrawMatting,StrawMatting,StrawMatting,StrawMatting,StrawMatting,StrawMatting,StrawMatting,StrawMatting,StrawMatting,StrawMatting,StrawMatting,StrawMatting,StrawMatting,.</li>
      	<li>.,WoodPlankFloor,WoodPlankFloor,WoodPlankFloor,WoodPlankFloor,WoodPlankFloor,WoodPlankFloor,StrawMatting,StrawMatting,StrawMatting,StrawMatting,StrawMatting,StrawMatting,StrawMatting,StrawMatting,StrawMatting,StrawMatting,StrawMatting,StrawMatting,StrawMatting,StrawMatting,StrawMatting,.</li>
      	<li>FlagstoneSandstone,WoodPlankFloor,WoodPlankFloor,WoodPlankFloor,WoodPlankFloor,WoodPlankFloor,WoodPlankFloor,StrawMatting,StrawMatting,StrawMatting,StrawMatting,StrawMatting,StrawMatting,StrawMatting,StrawMatting,StrawMatting,StrawMatting,StrawMatting,StrawMatting,StrawMatting,StrawMatting,StrawMatting,.</li>
      	<li>FlagstoneSandstone,WoodPlankFloor,WoodPlankFloor,WoodPlankFloor,WoodPlankFloor,WoodPlankFloor,WoodPlankFloor,StrawMatting,StrawMatting,StrawMatting,StrawMatting,StrawMatting,StrawMatting,StrawMatting,StrawMatting,StrawMatting,StrawMatting,StrawMatting,StrawMatting,StrawMatting,StrawMatting,StrawMatting,.</li>
      	<li>FlagstoneSandstone,WoodPlankFloor,WoodPlankFloor,WoodPlankFloor,WoodPlankFloor,WoodPlankFloor,WoodPlankFloor,StrawMatting,StrawMatting,StrawMatting,StrawMatting,StrawMatting,StrawMatting,StrawMatting,StrawMatting,StrawMatting,StrawMatting,StrawMatting,StrawMatting,StrawMatting,StrawMatting,StrawMatting,.</li>
      	<li>FlagstoneSandstone,FlagstoneSandstone,FlagstoneSandstone,.,.,FlagstoneSandstone,.,StrawMatting,StrawMatting,StrawMatting,StrawMatting,StrawMatting,StrawMatting,StrawMatting,StrawMatting,StrawMatting,StrawMatting,StrawMatting,StrawMatting,StrawMatting,StrawMatting,StrawMatting,.</li>
      	<li>.,.,.,.,.,.,.,StrawMatting,StrawMatting,StrawMatting,StrawMatting,StrawMatting,StrawMatting,StrawMatting,StrawMatting,StrawMatting,StrawMatting,StrawMatting,StrawMatting,StrawMatting,StrawMatting,StrawMatting,.</li>
      	<li>.,.,.,.,.,.,.,.,StrawMatting,StrawMatting,StrawMatting,StrawMatting,StrawMatting,StrawMatting,StrawMatting,StrawMatting,StrawMatting,StrawMatting,StrawMatting,StrawMatting,StrawMatting,StrawMatting,.</li>
      	<li>.,.,.,.,.,.,.,.,StrawMatting,StrawMatting,StrawMatting,StrawMatting,StrawMatting,StrawMatting,StrawMatting,StrawMatting,StrawMatting,StrawMatting,StrawMatting,StrawMatting,StrawMatting,StrawMatting,.</li>
      	<li>.,.,.,.,.,.,.,.,StrawMatting,StrawMatting,StrawMatting,StrawMatting,StrawMatting,StrawMatting,StrawMatting,StrawMatting,StrawMatting,StrawMatting,StrawMatting,StrawMatting,StrawMatting,StrawMatting,.</li>
      	<li>.,.,.,.,.,.,.,.,.,.,.,.,.,.,.,.,.,.,.,.,.,.,.</li>
      	<li>.,.,.,.,.,.,.,.,.,.,.,.,.,.,.,.,.,.,.,.,.,.,.</li>
      	<li>.,.,.,.,.,.,.,.,.,.,.,.,.,.,.,.,.,.,.,.,.,.,.</li>
      	<li>.,.,.,.,.,.,.,.,.,.,.,.,.,.,.,.,.,.,.,.,.,.,.</li>
      	<li>.,.,.,.,.,.,.,.,.,.,.,.,.,.,.,.,.,.,.,.,.,.,.</li>
      	<li>.,.,.,.,.,.,.,.,.,.,.,.,.,.,.,.,.,.,.,.,.,.,.</li>
      	<li>.,.,.,.,.,.,.,.,.,.,.,.,.,.,.,.,.,.,.,.,.,.,.</li>
      	<li>.,.,.,.,.,.,.,.,.,.,.,.,.,.,.,.,.,.,.,.,.,.,.</li>
      	<li>.,.,.,.,.,.,.,.,.,.,.,.,.,.,.,.,.,.,.,.,.,.,.</li>
      	<li>.,.,.,.,.,.,.,.,.,.,.,.,.,.,.,.,.,.,.,.,.,.,.</li>
      	<li>.,.,.,.,.,.,.,.,.,.,.,.,.,.,.,.,.,.,.,.,.,.,.</li>
      	<li>.,.,.,.,.,.,.,.,.,.,.,.,.,.,.,.,.,.,.,.,.,.,.</li>
      	<li>.,.,.,.,.,.,.,.,.,.,.,.,.,.,.,.,.,.,.,.,.,.,.</li>
      	<li>.,.,.,.,.,.,.,.,.,.,.,.,.,.,.,.,.,.,.,.,.,.,.</li>
      	<li>.,.,.,.,.,.,.,.,.,.,.,.,.,.,.,.,.,.,.,.,.,.,.</li>
      	<li>.,.,.,.,.,.,.,.,.,.,.,.,.,.,.,.,.,.,.,.,.,.,.</li>
      	<li>.,.,.,.,.,.,.,.,.,.,.,.,.,.,.,.,.,.,.,.,.,.,.</li>
    	</li>
    	<li>
      	<li>.,.,.,.,.,.,.,Fence_WoodLog,Fence_WoodLog,Fence_WoodLog,Fence_WoodLog,Fence_WoodLog,Fence_WoodLog,Fence_WoodLog,Fence_WoodLog,Fence_WoodLog,Fence_WoodLog,Fence_WoodLog,Fence_WoodLog,Fence_WoodLog,Fence_WoodLog,Fence_WoodLog,.</li>
      	<li>.,.,.,.,.,.,.,Fence_WoodLog,.,.,.,.,.,.,.,.,.,.,.,.,.,Fence_WoodLog,.</li>
      	<li>.,.,.,.,.,.,.,Fence_WoodLog,.,.,.,.,.,.,.,.,.,.,.,.,.,Fence_WoodLog,.</li>
      	<li>.,.,.,.,.,.,.,Fence_WoodLog,.,.,.,.,.,.,.,.,.,.,.,.,.,Fence_WoodLog,.</li>
      	<li>.,.,.,.,.,.,.,Fence_WoodLog,.,.,.,.,.,.,.,.,.,.,.,.,.,Fence_WoodLog,.</li>
      	<li>.,.,.,.,.,.,.,FenceGate_WoodLog,.,.,.,.,.,.,.,.,.,.,.,.,.,Fence_WoodLog,.</li>
      	<li>.,.,.,.,.,.,.,Fence_WoodLog,.,.,.,.,.,.,.,.,.,.,.,.,.,Fence_WoodLog,.</li>
      	<li>.,.,.,.,.,.,.,Fence_WoodLog,.,.,.,.,.,.,.,.,.,.,.,.,.,Fence_WoodLog,.</li>
      	<li>.,.,.,.,.,.,.,Fence_WoodLog,.,.,.,.,.,.,.,.,.,.,.,.,.,Fence_WoodLog,.</li>
      	<li>.,.,.,.,.,.,.,Fence_WoodLog,.,.,.,.,.,.,.,.,.,.,.,.,.,Fence_WoodLog,.</li>
      	<li>.,.,.,.,.,.,.,Fence_WoodLog,.,.,.,.,.,.,.,.,.,.,.,.,.,Fence_WoodLog,.</li>
      	<li>.,.,.,.,.,.,.,Wall_WoodLog,Wall_WoodLog,Wall_WoodLog,Wall_WoodLog,Wall_WoodLog,Wall_WoodLog,AnimalFlap_Cloth,AnimalFlap_Cloth,AnimalFlap_Cloth,Wall_WoodLog,Wall_WoodLog,Wall_WoodLog,Wall_WoodLog,Wall_WoodLog,Wall_WoodLog,.</li>
      	<li>.,.,.,.,.,.,.,Wall_WoodLog,.,.,.,.,.,.,.,.,.,.,.,.,.,Wall_WoodLog,.</li>
      	<li>.,.,.,.,.,.,.,Wall_WoodLog,.,.,.,.,.,.,.,.,.,.,.,.,.,Wall_WoodLog,.</li>
      	<li>Wall_WoodLog,Wall_WoodLog,Wall_WoodLog,Wall_WoodLog,Door_WoodLog,Wall_WoodLog,Wall_WoodLog,Wall_WoodLog,.,.,.,.,.,.,.,.,.,.,.,.,.,Wall_WoodLog,Wall_WoodLog</li>
      	<li>Wall_WoodLog,Bed_WoodLog_East,.,.,.,TorchLamp,Wall_WoodLog,.,.,.,.,.,.,.,.,.,.,.,.,.,.,.,Wall_WoodLog</li>
      	<li>Wall_WoodLog,.,.,.,.,.,Wall_WoodLog,.,.,.,.,.,.,.,.,.,.,.,.,.,.,.,Wall_WoodLog</li>
      	<li>Wall_WoodLog,Bed_WoodLog_East,.,.,.,.,Wall_WoodLog,.,.,.,.,.,.,.,.,.,.,.,.,.,.,.,Wall_WoodLog</li>
      	<li>Wall_WoodLog,.,.,.,.,.,Wall_WoodLog,.,.,.,.,.,.,.,Column_WoodLog,.,.,.,.,.,.,.,Wall_WoodLog</li>
      	<li>Wall_WoodLog,Bed_WoodLog_East,.,.,.,.,Wall_WoodLog,.,.,.,.,.,.,.,.,.,.,.,.,.,.,.,Wall_WoodLog</li>
      	<li>Wall_WoodLog,.,.,.,Stool_WoodLog_North,.,Wall_WoodLog,.,.,.,.,.,.,.,.,.,.,.,.,.,.,.,Wall_WoodLog</li>
      	<li>Wall_WoodLog,Bed_WoodLog_East,.,.,TableButcher_WoodLog_North,.,Wall_WoodLog,.,.,.,.,.,.,.,.,.,.,.,.,.,.,.,Wall_WoodLog</li>
      	<li>Wall_WoodLog,Wall_WoodLog,Wall_WoodLog,Wall_WoodLog,Wall_WoodLog,Wall_WoodLog,Wall_WoodLog,.,.,.,.,.,.,.,.,.,.,.,.,.,.,.,Wall_WoodLog</li>
      	<li>.,.,.,.,.,.,Wall_WoodLog,Wall_WoodLog,.,.,.,.,.,.,.,.,.,.,.,.,.,Wall_WoodLog,Wall_WoodLog</li>
      	<li>.,.,.,.,.,.,.,Wall_WoodLog,.,.,.,.,.,.,.,.,.,.,.,.,.,Wall_WoodLog,.</li>
      	<li>.,.,.,.,.,.,.,Wall_WoodLog,.,.,.,.,.,.,.,.,.,.,.,.,.,Wall_WoodLog,.</li>
      	<li>.,.,.,.,.,.,.,Wall_WoodLog,Wall_WoodLog,Wall_WoodLog,Wall_WoodLog,Wall_WoodLog,Wall_WoodLog,AnimalFlap_Cloth,AnimalFlap_Cloth,AnimalFlap_Cloth,Wall_WoodLog,Wall_WoodLog,Wall_WoodLog,Wall_WoodLog,Wall_WoodLog,Wall_WoodLog,.</li>
      	<li>.,.,.,.,.,.,.,FenceGate_WoodLog,.,.,.,.,.,.,.,.,.,.,.,.,.,FenceGate_WoodLog,.</li>
      	<li>.,.,.,.,.,.,.,Fence_WoodLog,.,.,.,.,.,.,.,.,.,.,.,.,.,Fence_WoodLog,.</li>
      	<li>.,.,.,.,.,.,.,Fence_WoodLog,.,.,.,.,.,.,.,.,.,.,.,.,.,Fence_WoodLog,.</li>
      	<li>.,.,.,.,.,.,.,Fence_WoodLog,.,.,.,.,.,.,.,.,.,.,.,.,.,Fence_WoodLog,.</li>
      	<li>.,.,.,.,.,.,.,Fence_WoodLog,.,.,.,.,.,.,.,.,.,.,.,.,.,Fence_WoodLog,.</li>
      	<li>.,.,.,.,.,.,.,Fence_WoodLog,.,.,.,.,.,.,.,.,.,.,.,.,.,Fence_WoodLog,.</li>
      	<li>.,.,.,.,.,.,.,Fence_WoodLog,.,.,.,.,.,.,.,.,.,.,.,.,.,Fence_WoodLog,.</li>
      	<li>.,.,.,.,.,.,.,Fence_WoodLog,.,.,.,.,.,.,.,.,.,.,.,.,.,Fence_WoodLog,.</li>
      	<li>.,.,.,.,.,.,.,Fence_WoodLog,.,.,.,.,.,.,.,.,.,.,.,.,.,Fence_WoodLog,.</li>
      	<li>.,.,.,.,.,.,.,Fence_WoodLog,.,.,.,.,.,.,.,.,.,.,.,.,.,Fence_WoodLog,.</li>
      	<li>.,.,.,.,.,.,.,Fence_WoodLog,.,.,.,.,.,.,.,.,.,.,.,.,.,Fence_WoodLog,.</li>
      	<li>.,.,.,.,.,.,.,Fence_WoodLog,.,.,.,.,.,.,.,.,.,.,.,.,.,Fence_WoodLog,.</li>
      	<li>.,.,.,.,.,.,.,Fence_WoodLog,.,.,.,.,.,.,.,.,.,.,.,.,.,Fence_WoodLog,.</li>
      	<li>.,.,.,.,.,.,.,Fence_WoodLog,.,.,.,.,.,.,.,.,.,.,.,.,.,Fence_WoodLog,.</li>
      	<li>.,.,.,.,.,.,.,Fence_WoodLog,.,.,.,.,.,.,.,.,.,.,.,.,.,Fence_WoodLog,.</li>
      	<li>.,.,.,.,.,.,.,Fence_WoodLog,.,.,.,.,.,.,.,.,.,.,.,.,.,Fence_WoodLog,.</li>
      	<li>.,.,.,.,.,.,.,Fence_WoodLog,Fence_WoodLog,Fence_WoodLog,Fence_WoodLog,Fence_WoodLog,Fence_WoodLog,Fence_WoodLog,FenceGate_WoodLog,Fence_WoodLog,Fence_WoodLog,Fence_WoodLog,Fence_WoodLog,Fence_WoodLog,Fence_WoodLog,Fence_WoodLog,.</li>
    	</li>
  	</layouts>
  	<roofGrid>
    	<li>.,.,.,.,.,.,.,.,.,.,.,.,.,.,.,.,.,.,.,.,.,.,.</li>
    	<li>.,.,.,.,.,.,.,.,.,.,.,.,.,.,.,.,.,.,.,.,.,.,.</li>
    	<li>.,.,.,.,.,.,.,.,.,.,.,.,.,.,.,.,.,.,.,.,.,.,.</li>
    	<li>.,.,.,.,.,.,.,.,.,.,.,.,.,.,.,.,.,.,.,.,.,.,.</li>
    	<li>.,.,.,.,.,.,.,.,.,.,.,.,.,.,.,.,.,.,.,.,.,.,.</li>
    	<li>.,.,.,.,.,.,.,.,.,.,.,.,.,.,.,.,.,.,.,.,.,.,.</li>
    	<li>.,.,.,.,.,.,.,.,.,.,.,.,.,.,.,.,.,.,.,.,.,.,.</li>
    	<li>.,.,.,.,.,.,.,.,.,.,.,.,.,.,.,.,.,.,.,.,.,.,.</li>
    	<li>.,.,.,.,.,.,.,.,.,.,.,.,.,.,.,.,.,.,.,.,.,.,.</li>
    	<li>.,.,.,.,.,.,.,.,.,.,.,.,.,.,.,.,.,.,.,.,.,.,.</li>
    	<li>.,.,.,.,.,.,.,.,.,.,.,.,.,.,.,.,.,.,.,.,.,.,.</li>
    	<li>.,.,.,.,.,.,.,1,1,1,1,1,1,1,1,1,1,1,1,1,1,1,.</li>
    	<li>.,.,.,.,.,.,.,1,1,1,1,1,1,1,1,1,1,1,1,1,1,1,.</li>
    	<li>.,.,.,.,.,.,.,1,1,1,1,1,1,1,1,1,1,1,1,1,1,1,.</li>
    	<li>1,1,1,1,1,1,1,1,1,1,1,1,1,1,1,1,1,1,1,1,1,1,1</li>
    	<li>1,1,1,1,1,1,1,1,1,1,1,1,1,1,1,1,1,1,1,1,1,1,1</li>
    	<li>1,1,1,1,1,1,1,1,1,1,1,1,1,1,1,1,1,1,1,1,1,1,1</li>
    	<li>1,1,1,1,1,1,1,1,1,1,1,1,1,1,1,1,1,1,1,1,1,1,1</li>
    	<li>1,1,1,1,1,1,1,1,1,1,1,1,1,1,1,1,1,1,1,1,1,1,1</li>
    	<li>1,1,1,1,1,1,1,1,1,1,1,1,1,1,1,1,1,1,1,1,1,1,1</li>
    	<li>1,1,1,1,1,1,1,1,1,1,1,1,1,1,1,1,1,1,1,1,1,1,1</li>
    	<li>1,1,1,1,1,1,1,1,1,1,1,1,1,1,1,1,1,1,1,1,1,1,1</li>
    	<li>1,1,1,1,1,1,1,1,1,1,1,1,1,1,1,1,1,1,1,1,1,1,1</li>
    	<li>.,.,.,.,.,.,1,1,1,1,1,1,1,1,1,1,1,1,1,1,1,1,1</li>
    	<li>.,.,.,.,.,.,.,1,1,1,1,1,1,1,1,1,1,1,1,1,1,1,.</li>
    	<li>.,.,.,.,.,.,.,1,1,1,1,1,1,1,1,1,1,1,1,1,1,1,.</li>
    	<li>.,.,.,.,.,.,.,1,1,1,1,1,1,1,1,1,1,1,1,1,1,1,.</li>
    	<li>.,.,.,.,.,.,.,.,.,.,.,.,.,.,.,.,.,.,.,.,.,.,.</li>
    	<li>.,.,.,.,.,.,.,.,.,.,.,.,.,.,.,.,.,.,.,.,.,.,.</li>
    	<li>.,.,.,.,.,.,.,.,.,.,.,.,.,.,.,.,.,.,.,.,.,.,.</li>
    	<li>.,.,.,.,.,.,.,.,.,.,.,.,.,.,.,.,.,.,.,.,.,.,.</li>
    	<li>.,.,.,.,.,.,.,.,.,.,.,.,.,.,.,.,.,.,.,.,.,.,.</li>
    	<li>.,.,.,.,.,.,.,.,.,.,.,.,.,.,.,.,.,.,.,.,.,.,.</li>
    	<li>.,.,.,.,.,.,.,.,.,.,.,.,.,.,.,.,.,.,.,.,.,.,.</li>
    	<li>.,.,.,.,.,.,.,.,.,.,.,.,.,.,.,.,.,.,.,.,.,.,.</li>
    	<li>.,.,.,.,.,.,.,.,.,.,.,.,.,.,.,.,.,.,.,.,.,.,.</li>
    	<li>.,.,.,.,.,.,.,.,.,.,.,.,.,.,.,.,.,.,.,.,.,.,.</li>
    	<li>.,.,.,.,.,.,.,.,.,.,.,.,.,.,.,.,.,.,.,.,.,.,.</li>
    	<li>.,.,.,.,.,.,.,.,.,.,.,.,.,.,.,.,.,.,.,.,.,.,.</li>
    	<li>.,.,.,.,.,.,.,.,.,.,.,.,.,.,.,.,.,.,.,.,.,.,.</li>
    	<li>.,.,.,.,.,.,.,.,.,.,.,.,.,.,.,.,.,.,.,.,.,.,.</li>
    	<li>.,.,.,.,.,.,.,.,.,.,.,.,.,.,.,.,.,.,.,.,.,.,.</li>
    	<li>.,.,.,.,.,.,.,.,.,.,.,.,.,.,.,.,.,.,.,.,.,.,.</li>
    	<li>.,.,.,.,.,.,.,.,.,.,.,.,.,.,.,.,.,.,.,.,.,.,.</li>
  	</roofGrid>
	</KCSG.StructureLayoutDef>
</Defs>
